{
  "identifier": "bezierCourves",
    "bc_00": {
        "centerBP": {
            "handle_1": {
                "x": 0.403618693351746,
                "y": 0.452930003404617,
                "z": 0.0
            },
            "handle_2": {
                "x": 0.614197432994843,
                "y": 0.471679449081421,
                "z": 0.0
            },
            "x": 0.493596374988556,
            "y": 0.464258879423141,
            "z": 0.0
        },
        "endBP": {
            "handle": {
                "x": 0.716401159763336,
                "y": 0.589838624000549,
                "z": 0.0
            },
            "x": 0.836234509944916,
            "y": 0.493138641119003,
            "z": 0.0
        },
        "identifier": "bc_00",
        "startBP": {
            "handle": {
                "x": 0.257333368062973,
                "y": 0.562764406204224,
                "z": 0.0
            },
            "x": 0.167061358690262,
            "y": 0.518803894519806,
            "z": 0.0
        }
    },
    "bc_01": {
        "centerBP": {
            "handle_1": {
                "x": 0.397917628288269,
                "y": 0.376335293054581,
                "z": 0.0
            },
            "handle_2": {
                "x": 0.613450765609741,
                "y": 0.391960740089417,
                "z": 0.0
            },
            "x": 0.492162078619003,
            "y": 0.376887023448944,
            "z": 0.0
        },
        "endBP": {
            "handle": {
                "x": 0.711131811141968,
                "y": 0.476109802722931,
                "z": 0.0
            },
            "x": 0.836453258991241,
            "y": 0.397725433111191,
            "z": 0.0
        },
        "identifier": "bc_01",
        "startBP": {
            "handle": {
                "x": 0.253452599048615,
                "y": 0.478708893060684,
                "z": 0.0
            },
            "x": 0.166868090629578,
            "y": 0.401611328125,
            "z": 0.0
        }
    },
    "bc_02": {
        "centerBP": {
            "handle_1": {
                "x": 0.404277563095093,
                "y": 0.287786871194839,
                "z": 0.0
            },
            "handle_2": {
                "x": 0.610748767852783,
                "y": 0.265411913394928,
                "z": 0.0
            },
            "x": 0.503049254417419,
            "y": 0.270853698253632,
            "z": 0.0
        },
        "endBP": {
            "handle": {
                "x": 0.736909031867981,
                "y": 0.413787811994553,
                "z": 0.0
            },
            "x": 0.838640332221985,
            "y": 0.324961364269257,
            "z": 0.0
        },
        "identifier": "bc_02",
        "startBP": {
            "handle": {
                "x": 0.298145562410355,
                "y": 0.406509429216385,
                "z": 0.0
            },
            "x": 0.172442629933357,
            "y": 0.326649993658066,
            "z": 0.0
        }
    },
    "bc_03": {
        "centerBP": {
            "handle_1": {
                "x": 0.358201116323471,
                "y": 0.184617102146149,
                "z": 0.0
            },
            "handle_2": {
                "x": 0.727797508239746,
                "y": 0.157924935221672,
                "z": 0.0
            },
            "x": 0.500734925270081,
            "y": 0.179865509271622,
            "z": 0.0
        },
        "endBP": {
            "handle": {
                "x": 0.750336766242981,
                "y": 0.333913177251816,
                "z": 0.0
            },
            "x": 0.848451793193817,
            "y": 0.231241881847382,
            "z": 0.0
        },
        "identifier": "bc_03",
        "startBP": {
            "handle": {
                "x": 0.281299829483032,
                "y": 0.303583800792694,
                "z": 0.0
            },
            "x": 0.134397387504578,
            "y": 0.226618438959122,
            "z": 0.0
        }
    }
}
