{
    "backStage": {
        "BezierHandler": {
            "bc_00": {
                "centerBP": {
                    "handle_1": {
                        "x": 0.00145649909973145,
                        "y": 0.0865848362445831,
                        "z": 0.0
                    },
                    "handle_2": {
                        "x": 0.988303542137146,
                        "y": 0.100686401128769,
                        "z": 0.0
                    },
                    "x": 0.503058016300201,
                    "y": 0.0897823125123978,
                    "z": 0.0
                },
                "endBP": {
                    "handle": {
                        "x": 0.967271268367767,
                        "y": 0.028727650642395,
                        "z": 0.0
                    },
                    "x": 0.974793553352356,
                    "y": 0.973152875900269,
                    "z": 0.0
                },
                "identifier": "bc_00",
                "startBP": {
                    "handle": {
                        "x": 0.0330022275447845,
                        "y": 0.0278739035129547,
                        "z": 0.0
                    },
                    "x": 0.0388392880558968,
                    "y": 0.979135036468506,
                    "z": 0.0
                }
            },
            "bc_01": {
                "centerBP": {
                    "handle_1": {
                        "x": 0.366032361984253,
                        "y": 0.361372768878937,
                        "z": 0.0
                    },
                    "handle_2": {
                        "x": 0.563348293304443,
                        "y": 0.362260073423386,
                        "z": 0.0
                    },
                    "x": 0.461155146360397,
                    "y": 0.361568093299866,
                    "z": 0.0
                },
                "endBP": {
                    "handle": {
                        "x": 0.741205394268036,
                        "y": 0.46742194890976,
                        "z": 0.0
                    },
                    "x": 0.848683059215546,
                    "y": 0.388856053352356,
                    "z": 0.0
                },
                "identifier": "bc_01",
                "startBP": {
                    "handle": {
                        "x": 0.172421887516975,
                        "y": 0.474575877189636,
                        "z": 0.0
                    },
                    "x": 0.117912940680981,
                    "y": 0.357583731412888,
                    "z": 0.0
                }
            },
            "identifier": "BezierHandler"
        },
        "DAC": {
            "ConnectionID": 0,
            "DeviceID": ""
        },
        "HotSpotHandler": {
            "hs_00": {
                "color": {
                    "a": 1.0,
                    "b": 1.0,
                    "g": 1.0,
                    "r": 1.0
                },
                "identifier": "hs_00",
                "position": {
                    "x": 0.378616064786911,
                    "y": 0.0802120789885521,
                    "z": 0.0
                }
            },
            "hs_01": {
                "color": {
                    "a": 1.0,
                    "b": 1.0,
                    "g": 1.0,
                    "r": 1.0
                },
                "identifier": "hs_01",
                "position": {
                    "x": 0.471595972776413,
                    "y": 0.0876506567001343,
                    "z": 0.0
                }
            },
            "hs_02": {
                "color": {
                    "a": 1.0,
                    "b": 1.0,
                    "g": 1.0,
                    "r": 1.0
                },
                "identifier": "hs_02",
                "position": {
                    "x": 0.540011167526245,
                    "y": 0.0952901840209961,
                    "z": 0.0
                }
            },
            "hs_03": {
                "color": {
                    "a": 1.0,
                    "b": 1.0,
                    "g": 1.0,
                    "r": 1.0
                },
                "identifier": "hs_03",
                "position": {
                    "x": 0.609347105026245,
                    "y": 0.110044695436954,
                    "z": 0.0
                }
            },
            "hs_04": {
                "color": {
                    "a": 1.0,
                    "b": 1.0,
                    "g": 1.0,
                    "r": 1.0
                },
                "identifier": "hs_04",
                "position": {
                    "x": 0.302371680736542,
                    "y": 0.166004478931427,
                    "z": 0.0
                }
            },
            "hs_05": {
                "color": {
                    "a": 1.0,
                    "b": 1.0,
                    "g": 1.0,
                    "r": 1.0
                },
                "identifier": "hs_05",
                "position": {
                    "x": 0.423766702413559,
                    "y": 0.136367216706276,
                    "z": 0.0
                }
            },
            "hs_06": {
                "color": {
                    "a": 1.0,
                    "b": 1.0,
                    "g": 1.0,
                    "r": 1.0
                },
                "identifier": "hs_06",
                "position": {
                    "x": 0.534263372421265,
                    "y": 0.138230979442596,
                    "z": 0.0
                }
            },
            "hs_07": {
                "color": {
                    "a": 1.0,
                    "b": 1.0,
                    "g": 1.0,
                    "r": 1.0
                },
                "identifier": "hs_07",
                "position": {
                    "x": 0.621863842010498,
                    "y": 0.14629465341568,
                    "z": 0.0
                }
            },
            "hs_08": {
                "color": {
                    "a": 1.0,
                    "b": 1.0,
                    "g": 1.0,
                    "r": 1.0
                },
                "identifier": "hs_08",
                "position": {
                    "x": 0.379358261823654,
                    "y": 0.170747756958008,
                    "z": 0.0
                }
            },
            "hs_09": {
                "color": {
                    "a": 1.0,
                    "b": 1.0,
                    "g": 1.0,
                    "r": 1.0
                },
                "identifier": "hs_09",
                "position": {
                    "x": 0.452232182025909,
                    "y": 0.175094872713089,
                    "z": 0.0
                }
            },
            "hs_10": {
                "color": {
                    "a": 1.0,
                    "b": 1.0,
                    "g": 1.0,
                    "r": 1.0
                },
                "identifier": "hs_10",
                "position": {
                    "x": 0.26804131269455,
                    "y": 0.0743414983153343,
                    "z": 0.0
                }
            },
            "hs_11": {
                "color": {
                    "a": 1.0,
                    "b": 1.0,
                    "g": 1.0,
                    "r": 1.0
                },
                "identifier": "hs_11",
                "position": {
                    "x": 0.328253358602524,
                    "y": 0.0503181368112564,
                    "z": 0.0
                }
            },
            "hs_12": {
                "color": {
                    "a": 1.0,
                    "b": 1.0,
                    "g": 1.0,
                    "r": 1.0
                },
                "identifier": "hs_12",