{
    "backStage": {
        "BezierHandler": {
            "bc_00": {
                "centerBP": {
                    "handle_1": {
                        "x": 0.058320339769125,
                        "y": 0.316289067268372,
                        "z": 0.0
                    },
                    "handle_2": {
                        "x": 0.171573668718338,
                        "y": 0.122851550579071,
                        "z": 0.0
                    },
                    "x": 0.0567912496626377,
                    "y": 0.118136093020439,
                    "z": 0.0
                },
                "endBP": {
                    "handle": {
                        "x": 0.373376160860062,
                        "y": 0.119263365864754,
                        "z": 0.0
                    },
                    "x": 0.51823103427887,
                    "y": 0.119369380176067,
                    "z": 0.0
                },
                "identifier": "bc_00",
                "startBP": {
                    "handle": {
                        "x": 0.0626004338264465,
                        "y": 0.0500055998563766,
                        "z": 0.0
                    },
                    "x": 0.032416295260191,
                    "y": 0.949413955211639,
                    "z": 0.0
                }
            },
            "bc_01": {
                "centerBP": {
                    "handle_1": {
                        "x": 0.743510007858276,
                        "y": 0.118694230914116,
                        "z": 0.0
                    },
                    "handle_2": {
                        "x": 0.938995599746704,
                        "y": 0.259698659181595,
                        "z": 0.0
                    },
                    "x": 0.934068083763123,
                    "y": 0.113616064190865,
                    "z": 0.0
                },
                "endBP": {
                    "handle": {
                        "x": 0.95068085193634,
                        "y": 0.481244504451752,
                        "z": 0.0
                    },
                    "x": 0.956183016300201,
                    "y": 0.949866116046906,
                    "z": 0.0
                },
                "identifier": "bc_01",
                "startBP": {
                    "handle": {
                        "x": 0.701233208179474,
                        "y": 0.121439695358276,
                        "z": 0.0
                    },
                    "x": 0.518727660179138,
                    "y": 0.118175275623798,
                    "z": 0.0
                }
            },
            "identifier": "BezierHandler"
        },
        "DAC": {
            "ConnectionID": 1,
            "DeviceID": "RayComposer NET 2132"
        },
        "HotSpotHandler": {
            "": {
                "color": {
                    "a": 1.0,
                    "b": 1.0,
                    "g": 1.0,
                    "r": 1.0
                },
                "identifier": "",
                "position": {
                    "x": 0.0,
                    "y": 0.0,
                    "z": 0.0
                }
            },
            "hs_00": {
                "color": {
                    "a": 1.0,
                    "b": 1.0,
                    "g": 1.0,
                    "r": 1.0
                },
                "identifier": "hs_00",
                "position": {
                    "x": 0.374514490365982,
                    "y": 0.466612786054611,
                    "z": 0.0
                }
            },
            "hs_01": {
                "color": {
                    "a": 1.0,
                    "b": 1.0,
                    "g": 1.0,
                    "r": 1.0
                },
                "identifier": "hs_01",
                "position": {
                    "x": 0.483688563108444,
                    "y": 0.619447529315948,
                    "z": 0.0
                }
            },
            "hs_02": {
                "color": {
                    "a": 1.0,
                    "b": 1.0,
                    "g": 1.0,
                    "r": 1.0
                },
                "identifier": "hs_02",
                "position": {
                    "x": 0.154296815395355,
                    "y": 0.403861582279205,
                    "z": 0.0
                }
            },
            "hs_03": {
                "color": {
                    "a": 1.0,
                    "b": 1.0,
                    "g": 1.0,
                    "r": 1.0
                },
                "identifier": "hs_03",
                "position": {
                    "x": 0.61970978975296,
                    "y": 0.462600499391556,
                    "z": 0.0
                }
            },
            "hs_04": {
                "color": {
                    "a": 1.0,
                    "b": 1.0,
                    "g": 1.0,
                    "r": 1.0
                },
                "identifier": "hs_04",
                "position": {
                    "x": 0.768471002578735,
                    "y": 0.427890658378601,
                    "z": 0.0
                }
            },
            "hs_05": {
                "color": {
                    "a": 1.0,
                    "b": 1.0,
                    "g": 1.0,
                    "r": 1.0
                },
                "identifier": "hs_05",
                "position": {
                    "x": 0.261093735694885,
                    "y": 0.609179675579071,
                    "z": 0.0
                }
            },
            "hs_06": {
                "color": {
                    "a": 1.0,
                    "b": 1.0,
                    "g": 1.0,
                    "r": 1.0
                },
                "identifier": "hs_06",
                "position": {
                    "x": 0.738409578800201,
                    "y": 0.603521108627319,
                    "z": 0.0
                }
            },
            "hs_07": {
                "color": {
                    "a": 1.0,
                    "b": 1.0,
                    "g": 1.0,
                    "r": 1.0
                },
                "identifier": "hs_07",
                "position": {
                    "x": 0.84421318769455,
                    "y": 0.395496666431427,
                    "z": 0.0
                }
            },
            "hs_08": {
                "color": {
                    "a": 1.0,
                    "b": 1.0,
                    "g": 1.0,
                    "r": 1.0
                },
                "identifier": "hs_08",
                "position": {
                    "x": 0.651969790458679,
                    "y": 0.305496633052826,
                    "z": 0.0
                }
            },
            "hs_09": {
                "color": {
                    "a": 1.0,
                    "b": 1.0,
                    "g": 1.0,
                    "r": 1.0
                },
                "identifier": "hs_09",
                "position": {
                    "x": 0.817388415336609,
                    "y": 0.582349300384521,
                    "z": 0.0
                }
            },
            "hs_10": {
                "color": {
                    "a": 1.0,
                    "b": 1.0,
                    "g": 1.0,
                    "r": 1.0
                },
                "identifier": "hs_10",
                "position": {
                    "x": 0.823928713798523,
                    "y": 0.246188580989838,
                    "z": 0.0
                }
            },
            "hs_11": {
                "color": {
                    "a": 1.0,
                    "b": 1.0,
                    "g": 1.0,
                    "r": 1.0
                },
                "identifier": "hs_11",
                "position": {
                    "x": 0.133571416139603,